{
  "total_stores": 10,
  "total_coverage_km2": 785.4000000000001,
  "avg_deliveries_per_store": 25.6,
  "avg_route_time_min": 84.32866096225692
}